IdPlayer,Name,TeamName,Position,BirthDate,Weight,Height,InternationalCaps,Goals
275261,Pedro GALLESE,Peru,Goalkeeper,1990-02-23T00:00:00Z,79.0,189.0,42,0
202638,Alberto RODRIGUEZ,Peru,Defender,1984-03-31T00:00:00Z,78.0,179.0,75,0
306194,Aldo CORZO,Peru,Defender,1989-05-20T00:00:00Z,75.0,172.0,24,0
398457,Anderson SANTAMARIA,Peru,Defender,1992-01-10T00:00:00Z,84.0,183.0,8,0
368000,Miguel ARAUJO,Peru,Defender,1994-10-24T00:00:00Z,77.0,178.0,8,0
397791,Miguel TRAUCO,Peru,Defender,1992-08-25T00:00:00Z,74.0,169.0,29,0
349685,Paolo HURTADO,Peru,Midfielder,1990-07-27T00:00:00Z,66.0,174.0,34,3
349700,Christian CUEVA,Peru,Midfielder,1991-11-23T00:00:00Z,69.0,169.0,48,8
225497,Paolo GUERRERO,Peru,Forward,1984-01-01T00:00:00Z,88.0,185.0,92,36
201748,Jefferson FARFAN,Peru,Forward,1984-10-26T00:00:00Z,85.0,177.0,86,25
349703,Raul RUIDIAZ,Peru,Forward,1990-07-25T00:00:00Z,67.0,169.0,32,4
275431,Carlos CACEDA,Peru,Goalkeeper,1991-09-27T00:00:00Z,78.0,184.0,6,0
392903,Renato TAPIA,Peru,Midfielder,1995-07-28T00:00:00Z,85.0,185.0,33,3
394981,Andy POLO,Peru,Midfielder,1994-09-29T00:00:00Z,71.0,174.0,17,1
228728,Christian RAMOS,Peru,Defender,1988-11-04T00:00:00Z,72.0,182.0,73,3
401945,Wilder CARTAGENA,Peru,Midfielder,1994-09-23T00:00:00Z,76.0,179.0,4,0
349697,Luis ADVINCULA,Peru,Defender,1990-03-02T00:00:00Z,80.0,178.0,68,0
349696,Andre CARRILLO,Peru,Forward,1991-06-14T00:00:00Z,77.0,182.0,49,6
349698,Yoshimar YOTUN,Peru,Midfielder,1990-04-07T00:00:00Z,69.0,172.0,76,2
394797,Edison FLORES,Peru,Forward,1994-05-14T00:00:00Z,72.0,170.0,32,9
229480,Jose CARVALLO,Peru,Goalkeeper,1986-03-01T00:00:00Z,84.0,182.0,6,0
398459,Nilson LOYOLA,Peru,Defender,1994-10-26T00:00:00Z,68.0,179.0,3,0
397696,Pedro AQUINO,Peru,Midfielder,1995-04-13T00:00:00Z,71.0,174.0,16,0
356956,Yassine BOUNOU,Morocco,Goalkeeper,1991-04-05T00:00:00Z,77.0,190.0,34,0
400721,Achraf HAKIMI,Morocco,Defender,1998-11-04T00:00:00Z,65.0,179.0,15,1
401882,Hamza MENDYL,Morocco,Defender,1997-10-21T00:00:00Z,70.0,179.0,16,0
299073,Manuel DA COSTA,Morocco,Defender,1986-05-06T00:00:00Z,78.0,187.0,30,2
305954,Mehdi BENATIA,Morocco,Defender,1987-04-17T00:00:00Z,88.0,188.0,62,4
398599,Ghanem SAISS,Morocco,Defender,1990-03-26T00:00:00Z,76.0,190.0,28,2
395759,Hakim ZIYACH,Morocco,Midfielder,1993-03-19T00:00:00Z,70.0,180.0,21,10
232674,Karim EL AHMADI,Morocco,Midfielder,1985-01-27T00:00:00Z,78.0,179.0,55,1
411678,Ayoub EL KAABI,Morocco,Forward,1993-06-25T00:00:00Z,72.0,182.0,5,2
353205,Younes BELHANDA,Morocco,Midfielder,1990-02-25T00:00:00Z,75.0,174.0,53,5
395756,Faycal FAJR,Morocco,Midfielder,1988-08-01T00:00:00Z,72.0,178.0,26,2
395755,Monir EL KAJOUI,Morocco,Goalkeeper,1989-05-10T00:00:00Z,88.0,190.0,36,0
401884,Khalid BOUTAIB,Morocco,Forward,1987-04-24T00:00:00Z,80.0,190.0,22,10
296799,Mbark BOUSSOUFA,Morocco,Midfielder,1984-08-15T00:00:00Z,59.0,167.0,64,7
372130,Youssef AIT BENNASSER,Morocco,Midfielder,1996-07-07T00:00:00Z,75.0,184.0,14,0
291414,Noureddine AMRABAT,Morocco,Midfielder,1987-03-31T00:00:00Z,77.0,178.0,48,4
296750,Nabil DIRAR,Morocco,Defender,1986-02-25T00:00:00Z,82.0,187.0,40,5
372114,Amine HARIT,Morocco,Midfielder,1997-06-18T00:00:00Z,66.0,179.0,8,0
401885,Youssef EN NESYRI,Morocco,Forward,1997-06-01T00:00:00Z,75.0,188.0,17,3
407125,Aziz BOUHADDOUZ,Morocco,Forward,1987-03-30T00:00:00Z,80.0,188.0,17,3
372266,Sofyan AMRABAT,Morocco,Midfielder,1996-08-21T00:00:00Z,77.0,183.0,7,0
371553,Ahmed TAGNAOUTI,Morocco,Goalkeeper,1996-04-05T00:00:00Z,70.0,186.0,5,0
290868,Mehdi CARCELA,Morocco,Midfielder,1989-07-01T00:00:00Z,67.0,176.0,22,1
155050,ESSAM ELHADARY,Egypt,Goalkeeper,1973-01-15T00:00:00Z,90.0,190.0,159,0
401838,ALI GABR,Egypt,Defender,1989-01-01T00:00:00Z,88.0,191.0,25,1
256311,AHMED ELMOHAMADY,Egypt,Defender,1987-09-09T00:00:00Z,76.0,183.0,84,2
344652,OMAR GABER,Egypt,Midfielder,1992-01-30T00:00:00Z,71.0,175.0,24,0
407023,SAM MORSY,Egypt,Midfielder,1991-09-10T00:00:00Z,75.0,173.0,6,0
344640,AHMED HEGAZY,Egypt,Defender,1991-01-25T00:00:00Z,95.0,194.0,48,1
303682,AHMED FATHI,Egypt,Defender,1984-11-10T00:00:00Z,76.0,176.0,131,3
395858,TAREK HAMED,Egypt,Midfielder,1988-10-24T00:00:00Z,67.0,169.0,26,0
339900,MARWAN MOHSEN,Egypt,Forward,1989-02-26T00:00:00Z,81.0,185.0,25,4
344654,MOHAMED SALAH,Egypt,Forward,1992-06-15T00:00:00Z,71.0,175.0,58,37
369215,KAHRABA,Egypt,Forward,1994-04-13T00:00:00Z,76.0,182.0,25,3
306460,AYMAN ASHRAF,Egypt,Defender,1991-04-09T00:00:00Z,73.0,176.0,3,1
356053,MOHAMED ABDELSHAFY,Egypt,Defender,1985-07-01T00:00:00Z,72.0,171.0,55,2
401841,RAMADAN SOBHY,Egypt,Forward,1997-01-23T00:00:00Z,77.0,183.0,28,1
411607,MAHMOUD HAMDY,Egypt,Defender,1995-06-01T00:00:00Z,72.0,173.0,1,0
184382,SHERIF EKRAMY,Egypt,Goalkeeper,1983-07-10T00:00:00Z,93.0,193.0,23,0
332777,MOHAMED ELNENY,Egypt,Midfielder,1992-07-11T00:00:00Z,74.0,181.0,64,5
230098,SHIKABALA,Egypt,Forward,1986-03-05T00:00:00Z,80.0,183.0,32,2
230099,ABDALLA SAID,Egypt,Midfielder,1985-07-13T00:00:00Z,75.0,176.0,41,6
312951,SAMIR SAAD,Egypt,Defender,1989-04-01T00:00:00Z,82.0,183.0,11,0
363863,TREZIGUET,Egypt,Midfielder,1994-10-01T00:00:00Z,77.0,181.0,29,2
363867,AMR WARDA,Egypt,Forward,1993-09-17T00:00:00Z,77.0,179.0,20,0
408948,MOHAMED ELSHENAWY,Egypt,Goalkeeper,1988-12-18T00:00:00Z,86.0,191.0,5,0
380007,Ali BEIRANVAND,IR Iran,Goalkeeper,1992-09-21T00:00:00Z,85.0,194.0,25,0
390535,Mahdi TORABI,IR Iran,Midfielder,1994-09-10T00:00:00Z,71.0,185.0,16,4
288961,Ehsan HAJI SAFI,IR Iran,Defender,1990-02-25T00:00:00Z,75.0,178.0,97,6
406595,Roozbeh CHESHMI,IR Iran,Defender,1993-07-24T00:00:00Z,80.0,192.0,10,1
390537,Milad MOHAMMADI,IR Iran,Defender,1993-09-29T00:00:00Z,69.0,178.0,21,0
371736,Saeid EZATOLAHI,IR Iran,Midfielder,1996-10-01T00:00:00Z,82.0,190.0,27,2
213170,Masoud SHOJAEI,IR Iran,Midfielder,1984-06-09T00:00:00Z,79.0,187.0,75,8
314249,Morteza POURALIGANJI,IR Iran,Defender,1992-04-19T00:00:00Z,83.0,187.0,30,2
346735,Omid EBRAHIMI,IR Iran,Midfielder,1987-09-16T00:00:00Z,75.0,178.0,32,0
330659,Karim ANSARIFARD,IR Iran,Forward,1990-04-03T00:00:00Z,80.0,187.0,67,19
384795,Vahid AMIRI,IR Iran,Midfielder,1988-04-02T00:00:00Z,71.0,179.0,39,1
397792,Rashid MAZAHERI,IR Iran,Goalkeeper,1989-05-18T00:00:00Z,84.0,192.0,3,0
379885,Mohammad Reza KHANZADEH,IR Iran,Defender,1991-05-11T00:00:00Z,80.0,186.0,8,1
411644,Saman GHODDOS,IR Iran,Forward,1993-09-06T00:00:00Z,79.0,177.0,11,1
251481,Pejman MONTAZERI,IR Iran,Defender,1983-09-06T00:00:00Z,77.0,185.0,46,1
362641,Reza GHOOCHANNEJHAD,IR Iran,Forward,1987-09-20T00:00:00Z,79.0,180.0,43,17
388475,Mehdi TAREMI,IR Iran,Forward,1992-07-18T00:00:00Z,80.0,187.0,29,11
379886,Alireza JAHANBAKHSH,IR Iran,Forward,1993-08-11T00:00:00Z,77.0,180.0,41,4
371735,Majid HOSSEINI,IR Iran,Defender,1996-06-20T00:00:00Z,78.0,183.0,4,0
379887,Sardar AZMOUN,IR Iran,Forward,1995-01-01T00:00:00Z,80.0,186.0,35,23
196812,Ashkan DEJAGAH,IR Iran,Forward,1986-07-05T00:00:00Z,78.0,181.0,46,9
411643,Amir ABEDZADEH,IR Iran,Goalkeeper,1993-04-26T00:00:00Z,80.0,186.0,1,0
384797,Ramin REZAEIAN,IR Iran,Defender,1990-03-21T00:00:00Z,75.0,185.0,29,2
195231,Jose CORONA,Mexico,Goalkeeper,1981-01-26T00:00:00Z,80.0,182.0,54,0
309592,Hugo AYALA,Mexico,Defender,1987-03-31T00:00:00Z,82.0,188.0,45,1
395518,Carlos SALCEDO,Mexico,Defender,1993-09-29T00:00:00Z,83.0,189.0,25,0
178119,Rafael MARQUEZ,Mexico,Defender,1979-02-13T00:00:00Z,77.0,184.0,148,15
386332,Erick GUTIERREZ,Mexico,Midfielder,1995-06-15T00:00:00Z,70.0,176.0,8,0
318612,Jonathan DOS SANTOS,Mexico,Midfielder,1990-04-26T00:00:00Z,69.0,173.0,38,0
371044,Miguel LAYUN,Mexico,Midfielder,1988-06-25T00:00:00Z,72.0,180.0,68,6
319311,Marco FABIAN,Mexico,Forward,1989-07-21T00:00:00Z,70.0,171.0,40,9
356731,Raul JIMENEZ,Mexico,Forward,1991-05-05T00:00:00Z,79.0,188.0,65,14
234551,Giovani DOS SANTOS,Mexico,Midfielder,1989-05-11T00:00:00Z,70.0,178.0,106,19
234552,Carlos VELA,Mexico,Forward,1989-03-01T00:00:00Z,78.0,178.0,72,19
175546,Alfredo TALAVERA,Mexico,Goalkeeper,1982-09-18T00:00:00Z,84.0,188.0,28,0
215285,Guillermo OCHOA,Mexico,Goalkeeper,1985-07-13T00:00:00Z,76.0,185.0,98,0
228599,Javier HERNANDEZ,Mexico,Forward,1988-06-01T00:00:00Z,71.0,175.0,106,50
238112,Hector MORENO,Mexico,Defender,1988-01-17T00:00:00Z,82.0,182.0,95,3
329092,Hector HERRERA,Mexico,Defender,1990-04-19T00:00:00Z,79.0,180.0,70,5
314918,Jesus CORONA,Mexico,Midfielder,1993-01-06T00:00:00Z,69.0,174.0,38,7
251352,Andres GUARDADO,Mexico,Midfielder,1986-09-28T00:00:00Z,63.0,167.0,151,25
227851,Oribe PERALTA,Mexico,Forward,1984-01-12T00:00:00Z,72.0,178.0,67,26
350124,Javier AQUINO,Mexico,Midfielder,1990-02-11T00:00:00Z,59.0,166.0,53,0
400634,Edson ALVAREZ,Mexico,Defender,1997-10-24T00:00:00Z,72.0,186.0,17,1
386337,Hirving  LOZANO,Mexico,Forward,1995-07-30T00:00:00Z,66.0,176.0,32,8
402772,Jesus GALLARDO,Mexico,Midfielder,1994-08-15T00:00:00Z,74.0,177.0,27,0
404372,ABDULLAH ALMUAIOUF,Saudi Arabia,Goalkeeper,1987-01-23T00:00:00Z,98.0,178.0,9,0
347316,MANSOUR ALHARBI,Saudi Arabia,Defender,1987-10-19T00:00:00Z,68.0,173.0,39,1
278167,OSAMA HAWSAWI,Saudi Arabia,Defender,1984-03-31T00:00:00Z,83.0,188.0,138,7
407983,ALI ALBULAYHI,Saudi Arabia,Defender,1989-11-21T00:00:00Z,83.0,182.0,5,0
385091,OMAR HAWSAWI,Saudi Arabia,Defender,1985-09-27T00:00:00Z,76.0,185.0,41,3
397857,MOHAMMED ALBURAYK,Saudi Arabia,Defender,1992-09-15T00:00:00Z,61.0,173.0,12,0
352891,SALMAN ALFARAJ,Saudi Arabia,Midfielder,1989-08-01T00:00:00Z,63.0,179.0,42,3
347165,YAHIA ALSHEHRI,Saudi Arabia,Midfielder,1990-06-26T00:00:00Z,63.0,165.0,58,7
339485,HATAN BAHBRI,Saudi Arabia,Midfielder,1992-07-16T00:00:00Z,66.0,170.0,8,0
288078,MOHAMMED ALSAHLAWI,Saudi Arabia,Forward,1987-01-10T00:00:00Z,75.0,179.0,42,28
295184,ABDULMALEK ALKHAIBRI,Saudi Arabia,Midfielder,1986-03-13T00:00:00Z,73.0,177.0,33,0
407993,MOHAMED KANNO,Saudi Arabia,Midfielder,1994-09-22T00:00:00Z,73.0,192.0,7,1
339482,YASSER ALSHAHRANI,Saudi Arabia,Defender,1992-05-25T00:00:00Z,63.0,170.0,38,0
339474,ABDULLAH OTAYF,Saudi Arabia,Midfielder,1992-08-03T00:00:00Z,66.0,177.0,16,1
411624,ABDULLAH ALKHAIBARI,Saudi Arabia,Midfielder,1996-08-16T00:00:00Z,66.0,175.0,5,0
390000,HUSSAIN ALMOQAHWI,Saudi Arabia,Midfielder,1988-03-24T00:00:00Z,76.0,174.0,18,1
218083,TAISEER ALJASSAM,Saudi Arabia,Midfielder,1984-07-25T00:00:00Z,69.0,169.0,134,19
339745,SALEM ALDAWSARI,Saudi Arabia,Midfielder,1991-08-19T00:00:00Z,68.0,174.0,34,5
339470,FAHAD ALMUWALLAD,Saudi Arabia,Forward,1994-09-14T00:00:00Z,65.0,168.0,48,10
330914,MUHANNAD ASIRI,Saudi Arabia,Forward,1986-10-14T00:00:00Z,79.0,185.0,19,4
198514,YASSER ALMOSAILEM,Saudi Arabia,Goalkeeper,1984-02-27T00:00:00Z,88.0,186.0,33,0
396885,MOHAMMED ALOWAIS,Saudi Arabia,Goalkeeper,1991-10-10T00:00:00Z,79.0,187.0,7,0
339477,MOTAZ HAWSAWI,Saudi Arabia,Defender,1992-02-17T00:00:00Z,79.0,180.0,17,0
398547,Robin OLSEN,Sweden,Goalkeeper,1990-01-08T00:00:00Z,89.0,198.0,23,0
300251,Mikael LUSTIG,Sweden,Defender,1986-12-13T00:00:00Z,77.0,189.0,70,6
395283,Victor LINDELOF,Sweden,Defender,1994-07-17T00:00:00Z,81.0,187.0,25,1
214667,Andreas GRANQVIST,Sweden,Defender,1985-04-16T00:00:00Z,84.0,192.0,77,8
358053,Martin OLSSON,Sweden,Defender,1988-05-17T00:00:00Z,81.0,177.0,45,5
395264,Ludwig AUGUSTINSSON,Sweden,Defender,1994-04-21T00:00:00Z,76.0,181.0,20,1
214675,Sebastian LARSSON,Sweden,Midfielder,1985-06-06T00:00:00Z,70.0,178.0,104,6
360340,Albin EKDAL,Sweden,Midfielder,1989-07-28T00:00:00Z,75.0,186.0,39,0
297243,Marcus BERG,Sweden,Forward,1986-08-17T00:00:00Z,76.0,183.0,62,18
398550,Emil FORSBERG,Sweden,Midfielder,1991-10-23T00:00:00Z,78.0,179.0,41,7
398551,John GUIDETTI,Sweden,Forward,1992-04-15T00:00:00Z,79.0,185.0,22,1
398556,Karl-Johan JOHNSSON,Sweden,Goalkeeper,1990-01-28T00:00:00Z,83.0,187.0,5,0
406882,Gustav SVENSSON,Sweden,Midfielder,1987-02-07T00:00:00Z,77.0,183.0,16,0
395270,Filip HELANDER,Sweden,Defender,1993-04-22T00:00:00Z,82.0,192.0,4,0
372881,Oscar HILJEMARK,Sweden,Midfielder,1992-06-28T00:00:00Z,78.0,184.0,24,2
398561,Emil KRAFTH,Sweden,Defender,1994-08-02T00:00:00Z,72.0,185.0,15,0
401465,Viktor CLAESSON,Sweden,Midfielder,1992-01-02T00:00:00Z,79.0,183.0,27,3
373312,Pontus JANSSON,Sweden,Defender,1991-02-13T00:00:00Z,89.0,194.0,17,0
398549,Marcus ROHDEN,Sweden,Midfielder,1991-05-11T00:00:00Z,76.0,182.0,12,1
300255,Ola TOIVONEN,Sweden,Forward,1986-07-03T00:00:00Z,78.0,192.0,64,14
365630,Jimmy DURMAZ,Sweden,Midfielder,1989-03-22T00:00:00Z,69.0,180.0,46,3
395273,Isaac Kiese THELIN,Sweden,Forward,1992-06-24T00:00:00Z,83.0,189.0,24,2
360496,Kristoffer NORDFELDT,Sweden,Goalkeeper,1989-06-23T00:00:00Z,85.0,190.0,8,0
297105,Hugo LLORIS,France,Goalkeeper,1986-12-26T00:00:00Z,82.0,188.0,104,0
411471,Benjamin PAVARD,France,Defender,1996-03-28T00:00:00Z,76.0,186.0,12,1
401459,Presnel KIMPEMBE,France,Defender,1995-08-13T00:00:00Z,78.0,182.0,3,0
359440,Raphael VARANE,France,Defender,1993-04-25T00:00:00Z,79.0,191.0,49,3
368846,Samuel UMTITI,France,Defender,1993-11-14T00:00:00Z,84.0,183.0,25,3
367388,Paul POGBA,France,Midfielder,1993-03-15T00:00:00Z,86.0,191.0,60,10
336435,Antoine GRIEZMANN,France,Forward,1991-03-21T00:00:00Z,72.0,174.0,61,24
402049,Thomas LEMAR,France,Forward,1995-11-12T00:00:00Z,65.0,172.0,13,3
358015,Olivier GIROUD,France,Forward,1986-09-30T00:00:00Z,91.0,193.0,81,31
389867,Kylian MBAPPE,France,Forward,1998-12-20T00:00:00Z,78.0,178.0,22,8
398680,Ousmane DEMBELE,France,Forward,1997-05-15T00:00:00Z,70.0,178.0,16,2
404566,Corentin TOLISSO,France,Midfielder,1994-08-03T00:00:00Z,82.0,180.0,14,0
398681,Ngolo KANTE,France,Midfielder,1991-03-29T00:00:00Z,70.0,168.0,31,1
358014,Blaise MATUIDI,France,Midfielder,1987-04-09T00:00:00Z,75.0,180.0,72,9
319327,Steven NZONZI,France,Midfielder,1988-12-15T00:00:00Z,87.0,197.0,9,0
254133,Steve MANDANDA,France,Goalkeeper,1985-03-28T00:00:00Z,88.0,187.0,28,0
299876,Adil RAMI,France,Defender,1985-12-27T00:00:00Z,90.0,190.0,35,1
401458,Nabil FEKIR,France,Forward,1993-07-18T00:00:00Z,76.0,173.0,18,2
398682,Djibril SIDIBE,France,Defender,1992-07-29T00:00:00Z,81.0,184.0,18,1
368965,Florian THAUVIN,France,Forward,1993-01-26T00:00:00Z,76.0,180.0,5,0
411470,Lucas HERNANDEZ,France,Defender,1996-02-14T00:00:00Z,76.0,183.0,12,0
335995,Benjamin MENDY,France,Defender,1994-07-17T00:00:00Z,84.0,183.0,8,0
368840,Alphonse AREOLA,France,Goalkeeper,1993-02-27T00:00:00Z,95.0,195.0,0,0
395924,Abdoulaye DIALLO,Senegal,Goalkeeper,1992-03-30T00:00:00Z,79.0,189.0,16,0
408938,Adama MBENGUE,Senegal,Defender,1993-12-01T00:00:00Z,68.0,180.0,3,0
339820,Kalidou KOULIBALY,Senegal,Defender,1991-06-20T00:00:00Z,89.0,195.0,29,1
353758,Kara MBODJI,Senegal,Defender,1989-11-22T00:00:00Z,85.0,192.0,43,5
332314,Idrissa Gana GUEYE,Senegal,Midfielder,1989-09-26T00:00:00Z,64.0,174.0,58,1
370169,Salif SANE,Senegal,Midfielder,1990-08-25T00:00:00Z,84.0,196.0,21,0
327043,Moussa SOW,Senegal,Forward,1986-01-19T00:00:00Z,75.0,180.0,46,19
353765,Cheikhou KOUYATE,Senegal,Midfielder,1989-12-21T00:00:00Z,75.0,189.0,51,3
330687,Mame DIOUF,Senegal,Forward,1987-12-16T00:00:00Z,81.0,185.0,46,10
353790,Sadio MANE,Senegal,Forward,1992-04-10T00:00:00Z,69.0,175.0,55,15
395925,Cheikh NDOYE,Senegal,Midfielder,1986-03-29T00:00:00Z,90.0,192.0,29,3
368848,Youssouf SABALY,Senegal,Defender,1993-03-05T00:00:00Z,71.0,174.0,9,0
274154,Alfred NDIAYE,Senegal,Midfielder,1990-03-06T00:00:00Z,80.0,186.0,18,1
353782,Moussa KONATE,Senegal,Forward,1993-04-03T00:00:00Z,78.0,180.0,28,9
408939,Diafra SAKHO,Senegal,Forward,1989-12-24T00:00:00Z,79.0,184.0,12,3
353111,Khadim NDIAYE,Senegal,Goalkeeper,1985-04-05T00:00:00Z,80.0,185.0,45,0
339919,Pape Alioune NDIAYE,Senegal,Midfielder,1990-10-27T00:00:00Z,74.0,181.0,17,1
401889,Ismaila SARR,Senegal,Forward,1998-02-25T00:00:00Z,70.0,175.0,16,3
336000,Mbaye NIANG,Senegal,Forward,1994-12-19T00:00:00Z,74.0,184.0,11,1
401888,Keita BALDE,Senegal,Forward,1995-03-08T00:00:00Z,77.0,181.0,19,3
319348,Lamine GASSAMA,Senegal,Defender,1989-10-20T00:00:00Z,74.0,181.0,40,0
386256,Moussa WAGUE,Senegal,Defender,1998-10-04T00:00:00Z,70.0,177.0,10,1
408940,Alfred GOMIS,Senegal,Goalkeeper,1993-09-05T00:00:00Z,82.0,196.0,5,0
369029,Dominik LIVAKOVIC,Croatia,Goalkeeper,1995-01-09T00:00:00Z,82.0,188.0,1,0
336485,Sime VRSALJKO,Croatia,Defender,1992-01-10T00:00:00Z,76.0,181.0,41,0
357988,Ivan STRINIC,Croatia,Defender,1987-07-17T00:00:00Z,78.0,186.0,49,0
359381,Ivan PERISIC,Croatia,Forward,1989-02-02T00:00:00Z,78.0,187.0,73,21
297373,Vedran CORLUKA,Croatia,Defender,1986-02-05T00:00:00Z,84.0,192.0,103,4
312432,Dejan LOVREN,Croatia,Defender,1989-07-05T00:00:00Z,84.0,188.0,46,2
296633,Ivan RAKITIC,Croatia,Midfielder,1988-03-10T00:00:00Z,78.0,184.0,99,15
339987,Mateo KOVACIC,Croatia,Midfielder,1994-05-06T00:00:00Z,78.0,178.0,46,1
336472,Andrej KRAMARIC,Croatia,Forward,1991-06-19T00:00:00Z,73.0,177.0,38,10
241559,Luka MODRIC,Croatia,Midfielder,1985-09-09T00:00:00Z,66.0,172.0,113,14
380000,Marcelo BROZOVIC,Croatia,Midfielder,1992-11-16T00:00:00Z,68.0,181.0,41,6
376287,Lovre KALINIC,Croatia,Goalkeeper,1990-04-03T00:00:00Z,96.0,201.0,12,0
372987,Tin JEDVAJ,Croatia,Defender,1995-11-28T00:00:00Z,81.0,184.0,13,0
402149,Filip BRADARIC,Croatia,Midfielder,1992-01-11T00:00:00Z,78.0,186.0,5,0
372424,Duje CALETA-CAR,Croatia,Defender,1996-09-17T00:00:00Z,89.0,192.0,2,0
297379,Nikola KALINIC,Croatia,Forward,1988-01-05T00:00:00Z,80.0,187.0,42,15
375518,Mario MANDZUKIC,Croatia,Forward,1986-05-21T00:00:00Z,85.0,190.0,89,33
369058,Ante REBIC,Croatia,Forward,1993-09-21T00:00:00Z,78.0,185.0,22,2
357991,Milan BADELJ,Croatia,Midfielder,1989-02-25T00:00:00Z,76.0,186.0,41,2
369057,Marko PJACA,Croatia,Forward,1995-05-06T00:00:00Z,82.0,187.0,19,1
299896,Domagoj VIDA,Croatia,Defender,1989-04-29T00:00:00Z,76.0,184.0,65,3
375261,Josip PIVARIC,Croatia,Defender,1989-01-30T00:00:00Z,69.0,176.0,23,0
299887,Danijel SUBASIC,Croatia,Goalkeeper,1984-10-27T00:00:00Z,84.0,191.0,44,0
269746,Wojciech SZCZESNY,Poland,Goalkeeper,1990-04-18T00:00:00Z,90.0,195.0,37,0
297356,Michal PAZDAN,Poland,Defender,1987-09-21T00:00:00Z,78.0,181.0,35,0
270895,Artur JEDRZEJCZYK,Poland,Defender,1987-11-04T00:00:00Z,78.0,189.0,37,3
398594,Thiago CIONEK,Poland,Defender,1986-04-21T00:00:00Z,81.0,184.0,20,0
406995,Jan BEDNAREK,Poland,Defender,1996-04-12T00:00:00Z,77.0,189.0,6,1
402079,Jacek GORALSKI,Poland,Midfielder,1992-09-21T00:00:00Z,66.0,172.0,7,0
362823,Arkadiusz MILIK,Poland,Forward,1994-02-28T00:00:00Z,78.0,186.0,41,12
401277,Karol LINETTY,Poland,Midfielder,1995-02-02T00:00:00Z,73.0,176.0,20,1
299688,Robert LEWANDOWSKI,Poland,Forward,1988-08-21T00:00:00Z,79.0,185.0,98,55
269735,Grzegorz KRYCHOWIAK,Poland,Midfielder,1990-01-29T00:00:00Z,83.0,186.0,54,3
269706,Kamil GROSICKI,Poland,Midfielder,1988-06-08T00:00:00Z,78.0,180.0,60,12
270890,Bartosz BIALKOWSKI,Poland,Goalkeeper,1987-07-06T00:00:00Z,83.0,194.0,1,0
299687,Maciej RYBUS,Poland,Midfielder,1989-08-19T00:00:00Z,75.0,173.0,53,2
367469,Lukasz TEODORCZYK,Poland,Forward,1991-06-03T00:00:00Z,78.0,185.0,19,4
269695,Kamil GLIK,Poland,Defender,1988-02-03T00:00:00Z,80.0,190.0,60,4
216944,Jakub BLASZCZYKOWSKI,Poland,Midfielder,1985-12-14T00:00:00Z,71.0,175.0,100,20
216954,Slawomir PESZKO,Poland,Midfielder,1985-02-19T00:00:00Z,68.0,173.0,44,2
370435,Bartosz BERESZYNSKI,Poland,Defender,1992-07-12T00:00:00Z,77.0,183.0,11,0
370436,Piotr ZIELINSKI,Poland,Midfielder,1994-05-20T00:00:00Z,75.0,180.0,36,5
216955,Lukasz PISZCZEK,Poland,Defender,1985-06-03T00:00:00Z,79.0,184.0,65,3
411483,Rafal KURZAWA,Poland,Midfielder,1993-01-29T00:00:00Z,73.0,182.0,4,0
216931,Lukasz FABIANSKI,Poland,Goalkeeper,1985-04-18T00:00:00Z,83.0,190.0,46,0
411482,Dawid KOWNACKI,Poland,Forward,1997-03-14T00:00:00Z,75.0,185.0,4,1
308370,ALISSON,Brazil,Goalkeeper,1992-10-02T00:00:00Z,91.0,193.0,31,0
289964,THIAGO SILVA,Brazil,Defender,1984-09-22T00:00:00Z,79.0,183.0,76,6
289958,MIRANDA,Brazil,Defender,1984-09-07T00:00:00Z,78.0,186.0,52,2
398286,PEDRO GEROMEL,Brazil,Defender,1985-09-21T00:00:00Z,84.0,190.0,2,0
308386,CASEMIRO,Brazil,Midfielder,1992-02-23T00:00:00Z,84.0,185.0,28,0
217161,FILIPE LUIS,Brazil,Defender,1985-08-09T00:00:00Z,73.0,182.0,35,2
305070,DOUGLAS COSTA,Brazil,Forward,1990-09-14T00:00:00Z,70.0,172.0,27,3
218292,RENATO AUGUSTO,Brazil,Midfielder,1988-02-08T00:00:00Z,86.0,186.0,31,6
386559,GABRIEL JESUS,Brazil,Forward,1997-04-03T00:00:00Z,73.0,175.0,22,10
314197,NEYMAR,Brazil,Forward,1992-02-05T00:00:00Z,68.0,175.0,90,57
308366,PHILIPPE COUTINHO,Brazil,Midfielder,1992-06-12T00:00:00Z,68.0,172.0,41,12
218284,MARCELO,Brazil,Defender,1988-05-12T00:00:00Z,80.0,174.0,59,6
332946,MARQUINHOS,Brazil,Defender,1994-05-14T00:00:00Z,75.0,183.0,27,0
335656,DANILO,Brazil,Defender,1991-07-15T00:00:00Z,78.0,184.0,19,0
362727,PAULINHO,Brazil,Midfielder,1988-07-25T00:00:00Z,81.0,181.0,55,13
266773,CASSIO,Brazil,Goalkeeper,1987-06-06T00:00:00Z,92.0,195.0,1,0
208016,FERNANDINHO,Brazil,Midfielder,1985-05-04T00:00:00Z,67.0,179.0,49,2
394018,FRED,Brazil,Midfielder,1993-03-05T00:00:00Z,64.0,169.0,8,0
218306,WILLIAN,Brazil,Midfielder,1988-08-09T00:00:00Z,77.0,175.0,62,8
344547,ROBERTO FIRMINO,Brazil,Forward,1991-10-02T00:00:00Z,76.0,181.0,25,7
329039,TAISON,Brazil,Forward,1988-01-13T00:00:00Z,64.0,172.0,8,1
266774,FAGNER,Brazil,Defender,1989-06-11T00:00:00Z,67.0,168.0,8,0
395427,EDERSON,Brazil,Goalkeeper,1993-08-17T00:00:00Z,86.0,188.0,1,0
198117,Eiji KAWASHIMA,Japan,Goalkeeper,1983-03-20T00:00:00Z,74.0,185.0,88,0
331166,Naomichi UEDA,Japan,Defender,1994-10-24T00:00:00Z,79.0,186.0,4,0
384847,Gen SHOJI,Japan,Defender,1992-12-11T00:00:00Z,74.0,182.0,15,1
233500,Keisuke HONDA,Japan,Midfielder,1986-06-13T00:00:00Z,74.0,182.0,98,37
291372,Yuto NAGATOMO,Japan,Defender,1986-09-12T00:00:00Z,68.0,170.0,109,3
395318,Wataru ENDO,Japan,Defender,1993-02-09T00:00:00Z,75.0,178.0,12,0
307719,Gaku SHIBASAKI,Japan,Midfielder,1992-05-28T00:00:00Z,64.0,175.0,22,3
347718,Genki HARAGUCHI,Japan,Midfielder,1991-05-09T00:00:00Z,68.0,178.0,36,7
286278,Shinji OKAZAKI,Japan,Forward,1986-04-16T00:00:00Z,70.0,174.0,116,50
268596,Shinji KAGAWA,Japan,Midfielder,1989-03-17T00:00:00Z,68.0,175.0,95,31
307739,Takashi USAMI,Japan,Midfielder,1992-05-06T00:00:00Z,72.0,178.0,26,3
356269,Masaaki HIGASHIGUCHI,Japan,Goalkeeper,1986-05-12T00:00:00Z,78.0,184.0,5,0
384846,Yoshinori MUTO,Japan,Forward,1992-07-15T00:00:00Z,72.0,179.0,24,2
271255,Takashi INUI,Japan,Midfielder,1988-06-02T00:00:00Z,59.0,169.0,31,6
275136,Yuya OSAKO,Japan,Forward,1990-05-18T00:00:00Z,71.0,182.0,33,8
356466,Hotaru YAMAGUCHI,Japan,Midfielder,1990-10-06T00:00:00Z,72.0,173.0,45,2
289027,Makoto HASEBE,Japan,Midfielder,1984-01-18T00:00:00Z,72.0,180.0,114,2
395327,Ryota OHSHIMA,Japan,Midfielder,1993-01-23T00:00:00Z,64.0,168.0,5,0
350003,Hiroki SAKAI,Japan,Defender,1990-04-12T00:00:00Z,70.0,183.0,47,0
268477,Tomoaki MAKINO,Japan,Defender,1987-05-11T00:00:00Z,77.0,182.0,33,4
321736,Gotoku SAKAI,Japan,Defender,1991-03-14T00:00:00Z,74.0,176.0,42,0
271253,Maya YOSHIDA,Japan,Defender,1988-08-24T00:00:00Z,78.0,189.0,86,10
331184,Kosuke NAKAMURA,Japan,Goalkeeper,1995-02-27T00:00:00Z,72.0,184.0,4,0
228686,David OSPINA,Colombia,Goalkeeper,1988-08-31T00:00:00Z,80.0,183.0,87,0
200209,Cristian ZAPATA,Colombia,Defender,1986-09-30T00:00:00Z,82.0,187.0,53,2
228688,Oscar MURILLO,Colombia,Defender,1988-04-18T00:00:00Z,80.0,184.0,14,0
315614,Santiago ARIAS,Colombia,Defender,1992-01-13T00:00:00Z,71.0,177.0,45,0
394377,Wilmar BARRIOS,Colombia,Midfielder,1993-10-16T00:00:00Z,74.0,178.0,13,0
280487,Carlos SANCHEZ,Colombia,Midfielder,1986-02-06T00:00:00Z,80.0,182.0,83,0
349512,Carlos BACCA,Colombia,Forward,1986-09-08T00:00:00Z,77.0,181.0,48,14
198243,Abel AGUILAR,Colombia,Midfielder,1985-01-06T00:00:00Z,82.0,185.0,70,8
229444,Radamel FALCAO,Colombia,Forward,1986-02-10T00:00:00Z,72.0,177.0,69,30
269058,James RODRIGUEZ,Colombia,Midfielder,1991-07-12T00:00:00Z,75.0,180.0,66,21
309714,Juan CUADRADO,Colombia,Midfielder,1988-05-26T00:00:00Z,72.0,179.0,73,8
360642,Camilo VARGAS,Colombia,Goalkeeper,1989-03-09T00:00:00Z,80.0,185.0,5,0
395552,Yerry MINA,Colombia,Defender,1994-09-23T00:00:00Z,95.0,194.0,15,6
339731,Luis MURIEL,Colombia,Forward,1991-04-16T00:00:00Z,79.0,178.0,20,2
398409,Mateus URIBE,Colombia,Midfielder,1991-03-21T00:00:00Z,71.0,182.0,11,0
395550,Jefferson  LERMA,Colombia,Midfielder,1994-10-25T00:00:00Z,70.0,179.0,9,0
394500,Johan MOJICA,Colombia,Defender,1992-08-21T00:00:00Z,66.0,185.0,8,1
394417,Farid DIAZ,Colombia,Defender,1983-07-20T00:00:00Z,70.0,170.0,13,0
369538,Miguel BORJA,Colombia,Forward,1993-01-26T00:00:00Z,74.0,183.0,8,2
356704,Juan QUINTERO,Colombia,Midfielder,1993-01-18T00:00:00Z,64.0,169.0,19,3
411341,Jose IZQUIERDO,Colombia,Forward,1992-07-07T00:00:00Z,73.0,171.0,6,1
411340,Jose CUADRADO,Colombia,Goalkeeper,1985-06-01T00:00:00Z,80.0,180.0,1,0
386013,Davinson SANCHEZ,Colombia,Defender,1996-06-12T00:00:00Z,81.0,187.0,13,0
269859,David DE GEA,Spain,Goalkeeper,1990-11-07T00:00:00Z,71.0,190.0,33,0
380048,Dani CARVAJAL,Spain,Defender,1992-01-11T00:00:00Z,73.0,173.0,18,0
216973,Gerard PIQUE,Spain,Defender,1987-02-02T00:00:00Z,85.0,194.0,102,5
400711,NACHO,Spain,Defender,1990-01-18T00:00:00Z,77.0,179.0,19,1
303034,Sergio BUSQUETS,Spain,Midfielder,1988-07-16T00:00:00Z,78.0,189.0,107,2
183857,Andres INIESTA,Spain,Midfielder,1984-05-11T00:00:00Z,68.0,171.0,131,13
369190,SAUL,Spain,Midfielder,1994-11-21T00:00:00Z,76.0,183.0,10,0
313410,KOKE,Spain,Midfielder,1992-01-08T00:00:00Z,73.0,176.0,43,0
337175,RODRIGO,Spain,Forward,1991-03-06T00:00:00Z,72.0,182.0,9,2
375512,THIAGO,Spain,Midfielder,1991-04-11T00:00:00Z,70.0,174.0,31,2
400713,Lucas VAZQUEZ,Spain,Forward,1991-07-01T00:00:00Z,70.0,173.0,9,0
407625,Alvaro ODRIOZOLA,Spain,Defender,1995-12-14T00:00:00Z,67.0,178.0,4,1
369110,Kepa ARRIZABALAGA,Spain,Goalkeeper,1994-10-03T00:00:00Z,84.0,189.0,1,0
270948,Cesar AZPILICUETA,Spain,Defender,1989-08-28T00:00:00Z,78.0,178.0,22,0
216814,Sergio RAMOS,Spain,Defender,1986-03-30T00:00:00Z,75.0,183.0,156,13
299369,Nacho MONREAL,Spain,Defender,1986-02-26T00:00:00Z,72.0,179.0,22,1
402138,Iago ASPAS,Spain,Forward,1987-08-01T00:00:00Z,67.0,176.0,13,6
306954,Jordi ALBA,Spain,Defender,1989-03-21T00:00:00Z,68.0,170.0,66,8
367920,Diego COSTA,Spain,Forward,1988-10-07T00:00:00Z,86.0,185.0,24,10
400715,Marco ASENSIO,Spain,Midfielder,1996-01-21T00:00:00Z,76.0,182.0,15,0
200176,David SILVA,Spain,Forward,1986-01-08T00:00:00Z,67.0,170.0,125,35
313374,ISCO,Spain,Midfielder,1992-04-21T00:00:00Z,74.0,176.0,32,11
175413,Pepe REINA,Spain,Goalkeeper,1982-08-31T00:00:00Z,92.0,186.0,36,0
319460,Yann SOMMER,Switzerland,Goalkeeper,1988-12-17T00:00:00Z,81.0,183.0,39,0
196605,Stephan LICHTSTEINER,Switzerland,Defender,1984-01-16T00:00:00Z,77.0,181.0,103,8
398508,Francois MOUBANDJE,Switzerland,Defender,1990-06-21T00:00:00Z,76.0,180.0,18,0
398509,Nico ELVEDI,Switzerland,Defender,1996-09-30T00:00:00Z,77.0,187.0,6,0
405178,Manuel AKANJI,Switzerland,Defender,1995-07-19T00:00:00Z,85.0,186.0,11,0
356407,Michael LANG,Switzerland,Defender,1991-02-08T00:00:00Z,78.0,185.0,27,2
393480,Breel EMBOLO,Switzerland,Forward,1997-02-14T00:00:00Z,86.0,184.0,29,3
402021,Remo FREULER,Switzerland,Midfielder,1992-04-15T00:00:00Z,77.0,181.0,10,0
311554,Haris SEFEROVIC,Switzerland,Forward,1992-02-22T00:00:00Z,88.0,186.0,54,12
311558,Granit XHAKA,Switzerland,Midfielder,1992-09-27T00:00:00Z,82.0,183.0,66,10
216627,Valon BEHRAMI,Switzerland,Midfielder,1985-04-19T00:00:00Z,78.0,184.0,83,2
402022,Yvon MVOGO,Switzerland,Goalkeeper,1994-06-06T00:00:00Z,84.0,186.0,0,0
313559,Ricardo RODRIGUEZ,Switzerland,Defender,1992-08-25T00:00:00Z,78.0,180.0,57,5
356415,Steven ZUBER,Switzerland,Midfielder,1991-08-17T00:00:00Z,79.0,182.0,15,4
216646,Blerim DZEMAILI,Switzerland,Midfielder,1986-04-12T00:00:00Z,73.0,179.0,69,11
216650,Gelson FERNANDES,Switzerland,Midfielder,1986-09-02T00:00:00Z,72.0,180.0,67,2
401448,Denis ZAKARIA,Switzerland,Midfielder,1996-11-20T00:00:00Z,77.0,189.0,12,0
319470,Mario GAVRANOVIC,Switzerland,Forward,1989-11-24T00:00:00Z,75.0,175.0,16,5
356399,Josip DRMIC,Switzerland,Forward,1992-08-08T00:00:00Z,78.0,184.0,32,10
216645,Johan DJOUROU,Switzerland,Defender,1987-01-18T00:00:00Z,87.0,191.0,75,2
356676,Roman BUERKI,Switzerland,Goalkeeper,1990-11-14T00:00:00Z,83.0,188.0,9,0
356411,Fabian SCHAER,Switzerland,Defender,1991-12-20T00:00:00Z,83.0,186.0,42,7
321653,Xherdan SHAQIRI,Switzerland,Midfielder,1991-10-10T00:00:00Z,78.0,169.0,74,21
278388,Kasper  SCHMEICHEL,Denmark,Goalkeeper,1986-11-05T00:00:00Z,92.0,190.0,39,0
302550,Michael KROHN-DEHLI,Denmark,Midfielder,1983-06-06T00:00:00Z,69.0,171.0,59,6
358302,Jannik VESTERGAARD,Denmark,Defender,1992-08-03T00:00:00Z,98.0,200.0,16,1
309962,Simon KJAER,Denmark,Defender,1989-03-26T00:00:00Z,84.0,191.0,79,3
365738,Jonas KNUDSEN,Denmark,Defender,1992-09-16T00:00:00Z,82.0,187.0,4,0
401281,Andreas CHRISTENSEN,Denmark,Defender,1996-04-10T00:00:00Z,85.0,192.0,20,1
299421,William KVIST,Denmark,Midfielder,1985-02-24T00:00:00Z,80.0,185.0,81,2
372855,Thomas DELANEY,Denmark,Midfielder,1991-09-03T00:00:00Z,78.0,180.0,31,4
360184,Nicolai JORGENSEN,Denmark,Forward,1991-01-15T00:00:00Z,86.0,194.0,34,8
321716,Christian ERIKSEN,Denmark,Midfielder,1992-02-14T00:00:00Z,76.0,181.0,82,23
372857,Martin BRAITHWAITE,Denmark,Forward,1991-06-05T00:00:00Z,73.0,180.0,24,1
402096,Kasper DOLBERG,Denmark,Forward,1997-10-06T00:00:00Z,85.0,187.0,7,1
318485,Mathias  JORGENSEN,Denmark,Defender,1990-04-23T00:00:00Z,85.0,191.0,15,1
318477,Henrik DALSGAARD,Denmark,Defender,1989-07-27T00:00:00Z,81.0,190.0,15,0
336131,Viktor FISCHER,Denmark,Forward,1994-06-09T00:00:00Z,80.0,181.0,20,3
318462,Jonas LOSSL,Denmark,Goalkeeper,1989-02-01T00:00:00Z,90.0,195.0,1,0
395455,Jens LARSEN,Denmark,Defender,1991-02-21T00:00:00Z,74.0,180.0,16,1
405205,Lukas LERAGER,Denmark,Midfielder,1993-07-12T00:00:00Z,85.0,186.0,5,0
313907,Lasse SCHONE,Denmark,Midfielder,1986-05-27T00:00:00Z,80.0,178.0,39,3
336133,Yussuf Yurary POULSEN,Denmark,Forward,1994-06-15T00:00:00Z,84.0,193.0,31,5
360188,Andreas CORNELIUS,Denmark,Forward,1993-03-16T00:00:00Z,79.0,193.0,21,4
401283,Frederik RONNOW,Denmark,Goalkeeper,1992-08-04T00:00:00Z,85.0,190.0,6,0
395448,Pione SISTO,Denmark,Forward,1995-02-04T00:00:00Z,69.0,173.0,18,1
213770,Jaime PENEDO,Panama,Goalkeeper,1981-09-26T00:00:00Z,70.0,183.0,134,0
385031,Michael MURILLO,Panama,Defender,1996-02-11T00:00:00Z,78.0,183.0,24,2
337231,Harold CUMMINGS,Panama,Defender,1992-03-01T00:00:00Z,92.0,183.0,48,0
385030,Fidel ESCOBAR,Panama,Defender,1995-01-09T00:00:00Z,82.0,182.0,26,1
198481,Roman TORRES,Panama,Defender,1986-03-20T00:00:00Z,99.0,188.0,111,10
197912,Gabriel GOMEZ,Panama,Midfielder,1984-05-29T00:00:00Z,82.0,183.0,145,11
202039,Blas PEREZ,Panama,Forward,1981-03-13T00:00:00Z,83.0,187.0,119,43
400416,Edgar BARCENAS,Panama,Midfielder,1993-10-23T00:00:00Z,72.0,175.0,32,0
239360,Gabriel TORRES,Panama,Forward,1988-10-31T00:00:00Z,77.0,180.0,74,14
372342,Ismael DIAZ,Panama,Forward,1997-05-12T00:00:00Z,72.0,181.0,9,2
267700,Armando COOPER,Panama,Midfielder,1987-11-26T00:00:00Z,72.0,173.0,99,7
198478,Jose CALDERON,Panama,Goalkeeper,1985-08-14T00:00:00Z,87.0,187.0,32,0
295901,Adolfo MACHADO,Panama,Defender,1985-02-14T00:00:00Z,78.0,182.0,77,1
392859,Valentin PIMENTEL,Panama,Midfielder,1991-05-30T00:00:00Z,80.0,189.0,23,1
337232,Eric DAVIS,Panama,Defender,1991-03-31T00:00:00Z,81.0,180.0,40,0
337225,Abdiel ARROYO,Panama,Forward,1993-12-13T00:00:00Z,82.0,183.0,35,5
267688,Luis OVALLE,Panama,Defender,1988-09-07T00:00:00Z,75.0,178.0,26,0
213780,Luis TEJADA,Panama,Forward,1982-03-28T00:00:00Z,87.0,183.0,106,43
411177,Ricardo AVILA,Panama,Midfielder,1997-02-04T00:00:00Z,80.0,182.0,7,0
269514,Anibal GODOY,Panama,Midfielder,1990-02-10T00:00:00Z,82.0,183.0,91,1
411176,Jose Luis RODRIGUEZ,Panama,Midfielder,1998-06-19T00:00:00Z,77.0,180.0,5,0
357006,Alex RODRIGUEZ,Panama,Goalkeeper,1990-08-05T00:00:00Z,83.0,197.0,6,0
201720,Felipe BALOY,Panama,Defender,1981-02-24T00:00:00Z,87.0,185.0,101,4
320518,Farouk BEN MUSTAPHA,Tunisia,Goalkeeper,1989-07-01T00:00:00Z,85.0,192.0,16,0
329717,Syam BEN YOUSSEF,Tunisia,Defender,1989-03-31T00:00:00Z,87.0,189.0,44,1
326645,Yohan BEN ALOUANE,Tunisia,Defender,1987-03-28T00:00:00Z,75.0,185.0,5,0
395998,Yassine MERIAH,Tunisia,Defender,1993-07-02T00:00:00Z,70.0,183.0,20,1
401801,Oussama HADDADI,Tunisia,Defender,1992-01-28T00:00:00Z,76.0,185.0,9,1
273822,Rami BEDOUI,Tunisia,Defender,1990-01-19T00:00:00Z,77.0,187.0,11,3
411656,Saifeddine KHAOUI,Tunisia,Forward,1995-04-27T00:00:00Z,76.0,180.0,6,0
364668,Fakhreddine BEN YOUSSEF,Tunisia,Forward,1991-06-23T00:00:00Z,80.0,189.0,42,6
407145,Anice BADRI,Tunisia,Midfielder,1990-09-18T00:00:00Z,70.0,178.0,13,3
364669,Wahbi KHAZRI,Tunisia,Forward,1991-02-08T00:00:00Z,76.0,182.0,39,14
411653,Dylan BRONN,Tunisia,Defender,1995-06-19T00:00:00Z,75.0,186.0,7,1
332643,Ali MAALOUL,Tunisia,Defender,1990-01-01T00:00:00Z,72.0,170.0,49,8
370575,Ferjani SASSI,Tunisia,Midfielder,1992-03-18T00:00:00Z,80.0,186.0,44,4
401798,Mohamed BEN AMOR,Tunisia,Midfielder,1992-05-03T00:00:00Z,75.0,180.0,27,2
411655,Ahmed KHALIL,Tunisia,Forward,1994-12-21T00:00:00Z,75.0,187.0,3,0
212413,Aymen MATHLOUTHI,Tunisia,Goalkeeper,1984-09-14T00:00:00Z,84.0,182.0,72,0
411658,Ellyes SKHIRI,Tunisia,Midfielder,1995-05-10T00:00:00Z,69.0,185.0,8,0
407144,Bassem SRARFI,Tunisia,Forward,1997-06-25T00:00:00Z,71.0,176.0,6,0
329718,Saber KHALIFA,Tunisia,Forward,1986-10-14T00:00:00Z,72.0,185.0,45,7
407141,Ghaylen CHAALELI,Tunisia,Forward,1994-02-28T00:00:00Z,70.0,179.0,7,1
401797,Hamdi NAGUEZ,Tunisia,Defender,1992-10-28T00:00:00Z,75.0,186.0,19,5
411654,Mouez HASSEN,Tunisia,Goalkeeper,1995-03-05T00:00:00Z,70.0,186.0,4,0
402235,Naim SLITI,Tunisia,Forward,1992-07-27T00:00:00Z,65.0,173.0,22,3
229498,Fernando MUSLERA,Uruguay,Goalkeeper,1986-06-16T00:00:00Z,74.0,190.0,102,0
368655,Jose GIMENEZ,Uruguay,Defender,1995-01-20T00:00:00Z,77.0,185.0,46,6
229499,Diego GODIN,Uruguay,Defender,1986-02-16T00:00:00Z,73.0,185.0,121,8
368660,Guillermo VARELA,Uruguay,Defender,1993-03-24T00:00:00Z,70.0,173.0,5,0
392673,Carlos SANCHEZ,Uruguay,Midfielder,1984-12-02T00:00:00Z,74.0,171.0,38,1
386538,Rodrigo BENTANCUR,Uruguay,Midfielder,1997-06-25T00:00:00Z,73.0,187.0,12,0
216567,Cristian RODRIGUEZ,Uruguay,Midfielder,1985-09-30T00:00:00Z,79.0,178.0,110,11
386284,Nahitan NANDEZ,Uruguay,Midfielder,1995-12-28T00:00:00Z,61.0,171.0,17,0
270775,Luis SUAREZ,Uruguay,Forward,1987-01-24T00:00:00Z,85.0,182.0,103,53
368652,Giorgian DE ARRASCAETA,Uruguay,Forward,1994-06-01T00:00:00Z,64.0,172.0,16,2
229506,Cristhian STUANI,Uruguay,Forward,1986-10-12T00:00:00Z,78.0,186.0,43,5
312993,Martin CAMPANA,Uruguay,Goalkeeper,1989-05-29T00:00:00Z,79.0,184.0,1,0
332883,Gaston SILVA,Uruguay,Defender,1994-03-05T00:00:00Z,74.0,185.0,17,0
371670,Lucas TORREIRA,Uruguay,Midfielder,1996-02-11T00:00:00Z,61.0,168.0,8,0
337196,Matias VECINO,Uruguay,Midfielder,1991-08-24T00:00:00Z,80.0,188.0,27,1
286481,Maximiliano PEREIRA,Uruguay,Defender,1984-06-08T00:00:00Z,73.0,173.0,125,3
368657,Diego LAXALT,Uruguay,Midfielder,1993-02-07T00:00:00Z,68.0,177.0,10,0
407384,Maximiliano GOMEZ,Uruguay,Forward,1996-08-14T00:00:00Z,85.0,186.0,7,0
305382,Sebastian COATES,Uruguay,Defender,1990-10-07T00:00:00Z,89.0,196.0,31,1
305384,Jonathan URRETAVISCAYA,Uruguay,Forward,1990-03-19T00:00:00Z,66.0,172.0,5,0
267834,Edinson CAVANI,Uruguay,Forward,1987-02-14T00:00:00Z,78.0,188.0,105,45
267829,Martin CACERES,Uruguay,Defender,1987-04-07T00:00:00Z,77.0,182.0,81,4
175629,Martin SILVA,Uruguay,Goalkeeper,1983-03-25T00:00:00Z,82.0,187.0,11,0
269768,RUI PATRICIO,Portugal,Goalkeeper,1988-02-15T00:00:00Z,84.0,189.0,73,0
210213,BRUNO ALVES,Portugal,Defender,1981-11-27T00:00:00Z,83.0,187.0,96,11
275931,PEPE,Portugal,Defender,1983-02-26T00:00:00Z,81.0,188.0,99,6
201099,MANUEL FERNANDES,Portugal,Midfielder,1986-02-05T00:00:00Z,69.0,174.0,15,3
395213,RAPHAEL GUERREIRO,Portugal,Defender,1993-12-22T00:00:00Z,64.0,170.0,28,2
398511,JOSE FONTE,Portugal,Defender,1983-12-22T00:00:00Z,84.0,191.0,35,0
201200,CRISTIANO RONALDO,Portugal,Forward,1985-02-05T00:00:00Z,83.0,187.0,154,85
200199,JOAO MOUTINHO,Portugal,Midfielder,1986-09-08T00:00:00Z,61.0,170.0,113,7
384756,ANDRE SILVA,Portugal,Forward,1995-11-06T00:00:00Z,71.0,185.0,25,12
368700,JOAO MARIO,Portugal,Midfielder,1993-01-19T00:00:00Z,67.0,179.0,40,2
395205,BERNARDO SILVA,Portugal,Midfielder,1994-08-10T00:00:00Z,65.0,173.0,29,2
373077,ANTHONY LOPES,Portugal,Goalkeeper,1990-10-01T00:00:00Z,81.0,184.0,7,0
384752,RUBEN DIAS,Portugal,Defender,1997-05-14T00:00:00Z,83.0,187.0,1,0
376349,WILLIAM,Portugal,Midfielder,1992-04-07T00:00:00Z,80.0,190.0,47,2
368706,RICARDO,Portugal,Defender,1993-10-06T00:00:00Z,70.0,174.0,5,0
395206,BRUNO FERNANDES,Portugal,Midfielder,1994-09-08T00:00:00Z,64.0,183.0,8,1
384751,GONCALO GUEDES,Portugal,Forward,1996-11-29T00:00:00Z,72.0,179.0,14,3
384766,GELSON MARTINS,Portugal,Forward,1995-05-11T00:00:00Z,63.0,173.0,19,0
336510,MARIO RUI,Portugal,Defender,1991-05-27T00:00:00Z,67.0,168.0,4,0
189810,RICARDO QUARESMA,Portugal,Forward,1983-09-26T00:00:00Z,73.0,175.0,80,10
336491,CEDRIC,Portugal,Defender,1991-08-31T00:00:00Z,67.0,172.0,32,1
214404,BETO,Portugal,Goalkeeper,1982-05-01T00:00:00Z,79.0,183.0,14,0
319491,ADRIEN SILVA,Portugal,Midfielder,1989-03-15T00:00:00Z,72.0,176.0,27,1
339117,Mathew RYAN,Australia,Goalkeeper,1992-04-08T00:00:00Z,82.0,184.0,47,0
331149,Milos DEGENEK,Australia,Defender,1994-04-28T00:00:00Z,85.0,187.0,18,0
397636,James MEREDITH,Australia,Defender,1988-04-05T00:00:00Z,71.0,179.0,2,0
213001,Tim CAHILL,Australia,Forward,1979-12-06T00:00:00Z,76.0,180.0,107,50
197411,Mark MILLIGAN,Australia,Defender,1985-08-04T00:00:00Z,78.0,178.0,71,6
306404,Matthew JURMAN,Australia,Defender,1989-12-08T00:00:00Z,83.0,190.0,4,0
321697,Mathew LECKIE,Australia,Forward,1991-02-04T00:00:00Z,84.0,181.0,56,8
339116,Massimo LUONGO,Australia,Midfielder,1992-09-25T00:00:00Z,76.0,176.0,36,5
379785,Tomi JURIC,Australia,Forward,1991-07-22T00:00:00Z,80.0,190.0,38,8
229043,Robbie KRUSE,Australia,Forward,1988-10-05T00:00:00Z,66.0,180.0,67,5
411241,Andrew NABBOUT,Australia,Forward,1992-12-17T00:00:00Z,85.0,178.0,6,1
181467,Brad JONES,Australia,Goalkeeper,1982-03-19T00:00:00Z,87.0,193.0,6,0
312252,Aaron MOOY,Australia,Midfielder,1990-09-15T00:00:00Z,72.0,173.0,37,5
368899,Jamie MacLAREN,Australia,Forward,1993-07-29T00:00:00Z,72.0,178.0,6,0
197514,Mile JEDINAK,Australia,Midfielder,1984-08-03T00:00:00Z,78.0,188.0,79,20
349342,Aziz BEHICH,Australia,Defender,1990-12-16T00:00:00Z,63.0,170.0,26,2
389503,Daniel ARZANI,Australia,Forward,1999-01-04T00:00:00Z,73.0,171.0,5,1
197419,Danny VUKOVIC,Australia,Goalkeeper,1985-03-27T00:00:00Z,94.0,187.0,1,0
397717,Joshua RISDON,Australia,Defender,1992-07-27T00:00:00Z,70.0,169.0,11,0
339118,Trent SAINSBURY,Australia,Defender,1992-01-05T00:00:00Z,76.0,183.0,38,3
333076,Dimitrios PETRATOS,Australia,Forward,1992-11-10T00:00:00Z,72.0,176.0,2,0
355775,Jackson IRVINE,Australia,Midfielder,1993-03-07T00:00:00Z,77.0,180.0,22,2
367641,Tom ROGIC,Australia,Midfielder,1992-12-16T00:00:00Z,88.0,189.0,40,7
228912,Manuel NEUER,Germany,Goalkeeper,1986-03-27T00:00:00Z,93.0,193.0,79,0
309312,Marvin PLATTENHARDT,Germany,Defender,1992-01-26T00:00:00Z,76.0,181.0,7,0
401377,Jonas HECTOR,Germany,Defender,1990-05-27T00:00:00Z,75.0,185.0,40,3
379736,Matthias GINTER,Germany,Defender,1994-01-19T00:00:00Z,85.0,189.0,18,0
311150,Mats HUMMELS,Germany,Defender,1988-12-16T00:00:00Z,90.0,192.0,66,5
196900,Sami KHEDIRA,Germany,Midfielder,1987-04-04T00:00:00Z,90.0,189.0,77,7
358692,Julian DRAXLER,Germany,Midfielder,1993-09-20T00:00:00Z,74.0,185.0,46,6
275162,Toni KROOS,Germany,Midfielder,1990-01-04T00:00:00Z,78.0,182.0,86,13
404357,Timo WERNER,Germany,Forward,1996-03-06T00:00:00Z,75.0,181.0,17,8
305036,Mesut OEZIL,Germany,Midfielder,1988-10-15T00:00:00Z,70.0,180.0,92,23
352394,Marco REUS,Germany,Forward,1989-05-31T00:00:00Z,67.0,180.0,34,10
274179,Kevin TRAPP,Germany,Goalkeeper,1990-07-08T00:00:00Z,88.0,189.0,3,0
321722,Thomas MUELLER,Germany,Midfielder,1989-09-13T00:00:00Z,75.0,186.0,94,38
379953,Leon GORETZKA,Germany,Midfielder,1995-02-06T00:00:00Z,76.0,189.0,16,6
395488,Niklas SUELE,Germany,Defender,1995-09-03T00:00:00Z,89.0,195.0,12,0
379955,Antonio RUEDIGER,Germany,Defender,1993-03-03T00:00:00Z,85.0,191.0,25,1
299442,Jerome BOATENG,Germany,Defender,1988-09-03T00:00:00Z,90.0,192.0,73,1
386413,Joshua KIMMICH,Germany,Defender,1995-02-08T00:00:00Z,72.0,176.0,32,3
275630,Sebastian RUDY,Germany,Midfielder,1990-02-28T00:00:00Z,74.0,179.0,26,1
385947,Julian BRANDT,Germany,Midfielder,1996-05-02T00:00:00Z,82.0,183.0,19,1
358690,Ilkay GUENDOGAN,Germany,Midfielder,1990-10-24T00:00:00Z,79.0,180.0,27,4
309302,Marc-Andre TER STEGEN,Germany,Goalkeeper,1992-04-30T00:00:00Z,85.0,187.0,20,0
216784,Mario GOMEZ,Germany,Forward,1985-07-10T00:00:00Z,82.0,189.0,78,31
199175,Keylor NAVAS,Costa Rica,Goalkeeper,1986-12-15T00:00:00Z,80.0,185.0,84,0
339447,Johnny ACOSTA,Costa Rica,Defender,1983-07-21T00:00:00Z,75.0,176.0,69,2
268821,Giancarlo GONZALEZ,Costa Rica,Defender,1988-02-08T00:00:00Z,84.0,186.0,71,2
389725,Ian SMITH,Costa Rica,Defender,1998-03-06T00:00:00Z,68.0,177.0,5,0
236530,Celso BORGES,Costa Rica,Midfielder,1988-05-27T00:00:00Z,79.0,187.0,114,18
312987,Oscar DUARTE,Costa Rica,Defender,1989-06-03T00:00:00Z,81.0,186.0,38,2
183796,Christian BOLANOS,Costa Rica,Midfielder,1984-05-17T00:00:00Z,67.0,178.0,84,7
270149,Bryan OVIEDO,Costa Rica,Defender,1990-02-18T00:00:00Z,70.0,172.0,44,1
361029,Daniel COLINDRES,Costa Rica,Midfielder,1985-01-10T00:00:00Z,75.0,180.0,13,0
214876,Bryan RUIZ,Costa Rica,Midfielder,1985-08-18T00:00:00Z,73.0,187.0,112,24
395354,Johan VENEGAS,Costa Rica,Forward,1988-11-27T00:00:00Z,76.0,183.0,49,10
307529,Joel CAMPBELL,Costa Rica,Forward,1992-06-26T00:00:00Z,71.0,178.0,79,15
356986,Rodney WALLACE,Costa Rica,Midfielder,1988-06-17T00:00:00Z,70.0,180.0,29,4
183794,Randall AZOFEIFA,Costa Rica,Midfielder,1984-12-30T00:00:00Z,83.0,182.0,60,3
339797,Francisco CALVO,Costa Rica,Defender,1992-07-08T00:00:00Z,78.0,180.0,38,4
307026,Cristian GAMBOA,Costa Rica,Defender,1989-10-24T00:00:00Z,67.0,175.0,71,3
307541,Yeltsin TEJEDA,Costa Rica,Midfielder,1992-03-17T00:00:00Z,67.0,179.0,50,0
214874,Patrick PEMBERTON,Costa Rica,Goalkeeper,1982-04-24T00:00:00Z,72.0,178.0,39,0
236536,Kendall WASTON,Costa Rica,Defender,1988-01-01T00:00:00Z,87.0,196.0,26,3
270143,David GUZMAN,Costa Rica,Midfielder,1990-02-18T00:00:00Z,78.0,176.0,48,0
270144,Marcos URENA,Costa Rica,Forward,1990-03-05T00:00:00Z,70.0,181.0,64,14
307016,Kenner GUTIERREZ,Costa Rica,Defender,1989-06-09T00:00:00Z,72.0,178.0,9,0
270136,Leonel MOREIRA,Costa Rica,Goalkeeper,1990-04-02T00:00:00Z,70.0,179.0,9,0
214386,Vladimir STOJKOVIC,Serbia,Goalkeeper,1983-07-28T00:00:00Z,92.0,195.0,84,0
291447,Antonio RUKAVINA,Serbia,Defender,1984-01-26T00:00:00Z,71.0,177.0,49,0
212308,Dusko TOSIC,Serbia,Defender,1985-01-19T00:00:00Z,79.0,185.0,26,1
365641,Luka MILIVOJEVIC,Serbia,Midfielder,1991-04-07T00:00:00Z,80.0,186.0,30,1
404632,Uros SPAJIC,Serbia,Defender,1993-02-13T00:00:00Z,82.0,188.0,5,0
214388,Branislav IVANOVIC,Serbia,Defender,1984-02-22T00:00:00Z,89.0,185.0,105,13
375538,Andrija ZIVKOVIC,Serbia,Midfielder,1996-07-11T00:00:00Z,68.0,169.0,11,0
294103,Aleksandar PRIJOVIC,Serbia,Forward,1990-04-21T00:00:00Z,88.0,191.0,10,1
370456,Aleksandar MITROVIC,Serbia,Forward,1994-09-16T00:00:00Z,82.0,189.0,41,17
298698,Dusan TADIC,Serbia,Midfielder,1988-11-20T00:00:00Z,76.0,181.0,56,12
291438,Aleksandar KOLAROV,Serbia,Defender,1985-11-10T00:00:00Z,83.0,187.0,79,11
336393,Predrag RAJKOVIC,Serbia,Goalkeeper,1995-10-31T00:00:00Z,85.0,191.0,8,0
385852,Milos VELJKOVIC,Serbia,Defender,1995-09-26T00:00:00Z,77.0,188.0,3,0
411548,Milan RODIC,Serbia,Defender,1991-04-02T00:00:00Z,69.0,185.0,1,0
411544,Nikola MILENKOVIC,Serbia,Defender,1997-10-12T00:00:00Z,90.0,195.0,6,0
385537,Marko GRUJIC,Serbia,Midfielder,1996-04-13T00:00:00Z,82.0,190.0,7,0
401178,Filip KOSTIC,Serbia,Midfielder,1992-11-01T00:00:00Z,82.0,184.0,26,2
385893,Nemanja RADONJIC,Serbia,Forward,1996-02-15T00:00:00Z,76.0,185.0,5,0
385536,Luka JOVIC,Serbia,Forward,1997-12-23T00:00:00Z,75.0,181.0,2,0
385545,Sergej MILINKOVIC-SAVIC,Serbia,Midfielder,1995-02-27T00:00:00Z,76.0,192.0,7,0
310082,Nemanja MATIC,Serbia,Midfielder,1988-08-01T00:00:00Z,86.0,194.0,43,2
319554,Adem Ljajic,Serbia,Midfielder,1991-09-29T00:00:00Z,74.0,182.0,33,6
401177,Marko DMITROVIC,Serbia,Goalkeeper,1992-01-24T00:00:00Z,90.0,194.0,2,0
359843,Hannes HALLDORSSON,Iceland,Goalkeeper,1984-04-27T00:00:00Z,88.0,193.0,52,0
300344,Birkir SAEVARSSON,Iceland,Defender,1984-11-11T00:00:00Z,75.0,186.0,82,1
411383,Samuel FRIDJONSSON,Iceland,Midfielder,1996-02-22T00:00:00Z,78.0,185.0,4,1
411384,Albert GUDMUNDSSON,Iceland,Midfielder,1997-06-15T00:00:00Z,80.0,177.0,6,3
401143,Sverrir INGASON,Iceland,Defender,1993-08-05T00:00:00Z,80.0,188.0,22,3
300343,Ragnar SIGURDSSON,Iceland,Defender,1986-06-19T00:00:00Z,86.0,187.0,80,3
300351,Johann GUDMUNDSSON,Iceland,Midfielder,1990-10-27T00:00:00Z,77.0,179.0,69,7
300376,Birkir BJARNASON,Iceland,Midfielder,1988-05-27T00:00:00Z,77.0,183.0,70,9
359845,Bjorn SIGURDARSON,Iceland,Forward,1991-02-26T00:00:00Z,85.0,187.0,16,1
300377,Gylfi SIGURDSSON,Iceland,Midfielder,1989-09-08T00:00:00Z,82.0,186.0,60,20
359847,Alfred FINNBOGASON,Iceland,Forward,1989-02-01T00:00:00Z,79.0,185.0,50,14
411385,Frederik SCHRAM,Iceland,Goalkeeper,1995-01-19T00:00:00Z,92.0,198.0,4,0
406732,Runar RUNARSSON,Iceland,Goalkeeper,1995-02-18T00:00:00Z,76.0,186.0,3,0
231598,Kari ARNASON,Iceland,Defender,1982-10-13T00:00:00Z,82.0,191.0,69,5
300369,Holmar EYJOLFSSON,Iceland,Defender,1990-08-06T00:00:00Z,81.0,188.0,10,1
216678,Olafur SKULASON,Iceland,Midfielder,1983-04-01T00:00:00Z,79.0,184.0,36,1
300382,Aron GUNNARSSON,Iceland,Midfielder,1989-04-22T00:00:00Z,86.0,181.0,80,2
401146,Hordur MAGNUSSON,Iceland,Defender,1993-02-11T00:00:00Z,85.0,191.0,19,2
300380,Rurik GISLASON,Iceland,Midfielder,1988-02-25T00:00:00Z,78.0,184.0,49,3
300348,Emil HALLFREDSSON,Iceland,Midfielder,1984-06-29T00:00:00Z,83.0,185.0,66,1
401147,Arnor TRAUSTASON,Iceland,Midfielder,1993-04-30T00:00:00Z,73.0,183.0,20,5
401145,Jon BODVARSSON,Iceland,Forward,1992-05-25T00:00:00Z,89.0,189.0,39,2
300371,Ari SKULASON,Iceland,Defender,1987-05-14T00:00:00Z,63.0,170.0,58,0
336022,Jordan PICKFORD,England,Goalkeeper,1994-03-07T00:00:00Z,72.0,185.0,10,0
356750,Kyle WALKER,England,Defender,1990-05-28T00:00:00Z,83.0,178.0,40,0
274036,Danny ROSE,England,Defender,1990-07-02T00:00:00Z,76.0,173.0,23,0
369400,Eric  DIER,England,Midfielder,1994-01-15T00:00:00Z,90.0,188.0,32,3
369434,John STONES,England,Defender,1994-05-28T00:00:00Z,72.0,188.0,33,2
407498,Harry MAGUIRE,England,Defender,1993-03-05T00:00:00Z,98.0,193.0,12,1
398743,Jesse  LINGARD,England,Midfielder,1992-12-15T00:00:00Z,60.0,175.0,18,2
356189,Jordan HENDERSON,England,Midfielder,1990-06-17T00:00:00Z,82.0,183.0,44,0
369419,Harry KANE,England,Forward,1993-07-28T00:00:00Z,98.0,188.0,30,19
336043,Raheem STERLING,England,Forward,1994-12-08T00:00:00Z,70.0,170.0,44,2
400820,Jamie VARDY,England,Forward,1987-01-11T00:00:00Z,80.0,178.0,26,7
306504,Kieran TRIPPIER,England,Defender,1990-09-19T00:00:00Z,72.0,178.0,13,1
344536,Jack BUTLAND,England,Goalkeeper,1993-03-10T00:00:00Z,96.0,196.0,8,0
274034,Danny WELBECK,England,Forward,1990-11-26T00:00:00Z,78.0,184.0,40,16
305764,Gary CAHILL,England,Defender,1985-12-19T00:00:00Z,85.0,191.0,61,5
358009,Phil JONES,England,Defender,1992-02-21T00:00:00Z,72.0,182.0,27,0
306520,Fabian DELPH,England,Defender,1989-11-21T00:00:00Z,78.0,174.0,15,0
299962,Ashley  YOUNG,England,Defender,1985-07-09T00:00:00Z,78.0,175.0,39,7
401470,Marcus RASHFORD,England,Forward,1997-10-31T00:00:00Z,78.0,180.0,25,3
401298,Dele ALLI,England,Midfielder,1996-04-11T00:00:00Z,76.0,188.0,30,3
411303,Ruben LOFTUS-CHEEK,England,Midfielder,1996-01-23T00:00:00Z,73.0,190.0,8,0
390761,Trent ALEXANDER-ARNOLD,England,Defender,1998-10-07T00:00:00Z,70.0,175.0,2,0
411304,Nick POPE,England,Goalkeeper,1992-04-19T00:00:00Z,76.0,191.0,1,0
273287,Ikechukwu EZENWA,Nigeria,Goalkeeper,1988-10-16T00:00:00Z,80.0,181.0,24,0
411700,Bryan IDOWU,Nigeria,Defender,1992-05-18T00:00:00Z,75.0,179.0,8,1
267647,Elderson ECHIEJILE,Nigeria,Defender,1988-01-20T00:00:00Z,82.0,185.0,59,2
369512,Wilfred NDIDI,Nigeria,Midfielder,1996-12-16T00:00:00Z,73.0,184.0,20,0
395529,William EKONG,Nigeria,Defender,1993-09-01T00:00:00Z,85.0,191.0,24,1
402251,Leon BALOGUN,Nigeria,Defender,1988-06-28T00:00:00Z,89.0,190.0,22,0
344714,Ahmed MUSA,Nigeria,Forward,1992-10-14T00:00:00Z,65.0,173.0,73,15
395531,Oghenekaro ETEBO,Nigeria,Midfielder,1995-11-09T00:00:00Z,74.0,174.0,15,1
312997,Odion IGHALO,Nigeria,Forward,1989-06-16T00:00:00Z,83.0,188.0,22,4
234463,John Obi MIKEL,Nigeria,Midfielder,1987-04-22T00:00:00Z,82.0,188.0,85,6
274090,Victor MOSES,Nigeria,Forward,1990-12-12T00:00:00Z,75.0,177.0,34,12
369428,Abdullahi SHEHU,Nigeria,Defender,1993-03-12T00:00:00Z,75.0,182.0,16,0
411702,Simeon NWANKWO,Nigeria,Forward,1992-05-07T00:00:00Z,89.0,197.0,4,0
372542,Kelechi IHEANACHO,Nigeria,Forward,1996-03-10T00:00:00Z,80.0,183.0,20,8
329076,Joel OBI,Nigeria,Midfielder,1991-05-22T00:00:00Z,77.0,177.0,17,0
230229,Daniel AKPEYI,Nigeria,Goalkeeper,1986-03-08T00:00:00Z,94.0,187.0,6,0
315429,Ogenyi ONAZI,Nigeria,Midfielder,1992-12-25T00:00:00Z,74.0,172.0,50,1
395533,Alex IWOBI,Nigeria,Forward,1996-05-03T00:00:00Z,86.0,185.0,21,5
367504,John OGU,Nigeria,Midfielder,1988-04-20T00:00:00Z,90.0,191.0,19,2
407163,Chidozie AWAZIEM,Nigeria,Defender,1997-01-01T00:00:00Z,76.0,192.0,3,0
407161,Tyronne EBUEHI,Nigeria,Defender,1995-12-16T00:00:00Z,74.0,187.0,8,0
315424,Kenneth OMERUO,Nigeria,Defender,1993-10-17T00:00:00Z,82.0,185.0,40,0
372607,Francis UZOHO,Nigeria,Goalkeeper,1998-10-28T00:00:00Z,91.0,196.0,9,0
200999,Nahuel GUZMAN,Argentina,Goalkeeper,1986-02-10T00:00:00Z,90.0,192.0,6,0
266796,Gabriel MERCADO,Argentina,Defender,1987-03-18T00:00:00Z,81.0,181.0,23,4
308322,Nicolas TAGLIAFICO,Argentina,Defender,1992-08-31T00:00:00Z,65.0,169.0,8,0
298593,Cristian ANSALDI,Argentina,Defender,1986-09-20T00:00:00Z,76.0,181.0,5,1
200133,Lucas BIGLIA,Argentina,Midfielder,1986-01-30T00:00:00Z,65.0,178.0,58,1
266784,Federico FAZIO,Argentina,Defender,1987-03-17T00:00:00Z,85.0,195.0,10,1
266790,Ever BANEGA,Argentina,Midfielder,1988-06-29T00:00:00Z,73.0,175.0,65,6
401204,Marcos ACUNA,Argentina,Defender,1991-10-28T00:00:00Z,77.0,172.0,11,0
271550,Gonzalo HIGUAIN,Argentina,Forward,1987-12-10T00:00:00Z,89.0,186.0,75,31
229397,Lionel MESSI,Argentina,Forward,1987-06-24T00:00:00Z,72.0,170.0,128,65
266800,Angel DI MARIA,Argentina,Midfielder,1988-02-14T00:00:00Z,75.0,178.0,97,20
398422,Franco ARMANI,Argentina,Goalkeeper,1986-10-16T00:00:00Z,85.0,189.0,2,0
411433,Maximiliano MEZA,Argentina,Midfielder,1992-12-15T00:00:00Z,76.0,180.0,6,0
182372,Javier MASCHERANO,Argentina,Defender,1984-06-08T00:00:00Z,73.0,174.0,147,3
316997,Enzo PEREZ,Argentina,Midfielder,1986-02-22T00:00:00Z,77.0,178.0,26,1
318688,Marcos ROJO,Argentina,Defender,1990-03-20T00:00:00Z,82.0,189.0,59,3
310116,Nicolas OTAMENDI,Argentina,Defender,1988-02-12T00:00:00Z,81.0,181.0,58,4
268992,Eduardo SALVIO,Argentina,Defender,1990-07-13T00:00:00Z,69.0,167.0,11,0
228528,Sergio AGUERO,Argentina,Forward,1988-06-02T00:00:00Z,74.0,172.0,89,39
395414,Giovani LO CELSO,Argentina,Midfielder,1996-04-09T00:00:00Z,75.0,177.0,5,0
392905,Paulo DYBALA,Argentina,Forward,1993-11-15T00:00:00Z,73.0,177.0,13,0
371828,Cristian PAVON,Argentina,Midfielder,1996-01-21T00:00:00Z,65.0,169.0,9,0
181440,Wilfredo CABALLERO,Argentina,Goalkeeper,1981-09-28T00:00:00Z,80.0,186.0,5,0
274281,KIM Seunggyu,Korea Republic,Goalkeeper,1990-09-30T00:00:00Z,80.0,187.0,33,0
363578,LEE Yong,Korea Republic,Defender,1986-12-24T00:00:00Z,74.0,180.0,31,0
395087,JUNG Seunghyun,Korea Republic,Defender,1994-04-03T00:00:00Z,74.0,188.0,6,0
411413,OH Bansuk,Korea Republic,Defender,1988-05-20T00:00:00Z,79.0,189.0,2,0
329895,YUN Youngsun,Korea Republic,Defender,1988-10-04T00:00:00Z,78.0,185.0,7,0
268411,PARK Jooho,Korea Republic,Defender,1987-01-16T00:00:00Z,71.0,174.0,37,0
307849,SON Heungmin,Korea Republic,Forward,1992-07-08T00:00:00Z,76.0,183.0,70,23
390529,JU Sejong,Korea Republic,Midfielder,1990-10-30T00:00:00Z,70.0,176.0,12,1
321745,KIM Shinwook,Korea Republic,Forward,1988-04-14T00:00:00Z,97.0,197.0,51,10
390081,LEE Seungwoo,Korea Republic,Midfielder,1998-01-06T00:00:00Z,63.0,170.0,6,0
395083,HWANG Heechan,Korea Republic,Forward,1996-01-26T00:00:00Z,77.0,177.0,17,2
274285,KIM Minwoo,Korea Republic,Defender,1990-02-25T00:00:00Z,69.0,172.0,22,1
291393,KOO Jacheol,Korea Republic,Midfielder,1989-02-27T00:00:00Z,73.0,182.0,70,19
329912,HONG Chul,Korea Republic,Defender,1990-09-17T00:00:00Z,67.0,176.0,16,0
356534,JUNG Wooyoung,Korea Republic,Midfielder,1989-12-14T00:00:00Z,78.0,186.0,32,1
268406,KI Sungyueng,Korea Republic,Midfielder,1989-01-24T00:00:00Z,75.0,186.0,104,10
390525,LEE Jaesung,Korea Republic,Midfielder,1992-08-10T00:00:00Z,70.0,180.0,38,6
314722,MOON Seonmin,Korea Republic,Midfielder,1992-06-09T00:00:00Z,68.0,172.0,5,1
375754,KIM Younggwon,Korea Republic,Defender,1990-02-27T00:00:00Z,74.0,184.0,56,3
336682,JANG Hyunsoo,Korea Republic,Defender,1991-09-28T00:00:00Z,77.0,187.0,54,3
268426,KIM Jinhyeon,Korea Republic,Goalkeeper,1987-07-06T00:00:00Z,82.0,193.0,15,0
375627,GO Yohan,Korea Republic,Defender,1988-03-10T00:00:00Z,65.0,170.0,20,0
397753,JO Hyeonwoo,Korea Republic,Goalkeeper,1991-09-25T00:00:00Z,75.0,189.0,9,0
215017,Igor AKINFEEV,Russia,Goalkeeper,1986-04-08T00:00:00Z,83.0,185.0,111,0
312866,MARIO FERNANDES,Russia,Defender,1990-09-19T00:00:00Z,79.0,187.0,10,1
404425,Ilya KUTEPOV,Russia,Defender,1993-07-29T00:00:00Z,82.0,190.0,12,0
186787,Sergey IGNASHEVICH,Russia,Defender,1979-07-14T00:00:00Z,84.0,186.0,127,9
379985,Andrey SEMENOV,Russia,Defender,1989-03-24T00:00:00Z,87.0,191.0,6,0
358883,Denis CHERYSHEV,Russia,Midfielder,1990-12-26T00:00:00Z,68.0,173.0,16,4
411572,Daler KUZIAEV,Russia,Midfielder,1993-01-15T00:00:00Z,74.0,182.0,11,0
379988,Iury GAZINSKY,Russia,Midfielder,1989-07-20T00:00:00Z,75.0,180.0,10,1
302539,Alan DZAGOEV,Russia,Midfielder,1990-06-17T00:00:00Z,73.0,178.0,59,9
358871,Fedor SMOLOV,Russia,Forward,1990-02-09T00:00:00Z,79.0,185.0,37,12
404429,Roman ZOBNIN,Russia,Midfielder,1994-02-11T00:00:00Z,77.0,185.0,17,0
411573,Andrei LUNEV,Russia,Goalkeeper,1991-11-13T00:00:00Z,80.0,189.0,3,0
404424,Fedor KUDRIASHOV,Russia,Defender,1987-04-05T00:00:00Z,78.0,187.0,23,0
358046,Vladimir GRANAT,Russia,Defender,1987-05-22T00:00:00Z,80.0,184.0,13,1
371765,Alexey MIRANCHUK,Russia,Midfielder,1995-10-17T00:00:00Z,77.0,185.0,19,4
411574,Anton MIRANCHUK,Russia,Midfielder,1995-10-17T00:00:00Z,67.0,182.0,6,0
371639,Aleksandr GOLOVIN,Russia,Midfielder,1996-05-30T00:00:00Z,70.0,178.0,23,3
216432,Yury ZHIRKOV,Russia,Midfielder,1983-08-20T00:00:00Z,76.0,180.0,87,2
216435,Alexander SAMEDOV,Russia,Midfielder,1984-07-19T00:00:00Z,74.0,178.0,53,7
186785,Vladimir GABULOV,Russia,Goalkeeper,1983-10-19T00:00:00Z,81.0,190.0,10,0
404421,Aleksandr EROKHIN,Russia,Midfielder,1989-10-13T00:00:00Z,79.0,191.0,19,0
358889,Artem DZYUBA,Russia,Forward,1988-08-22T00:00:00Z,90.0,196.0,28,14
375357,Igor SMOLNIKOV,Russia,Defender,1988-08-08T00:00:00Z,72.0,179.0,28,0
358106,Thibaut COURTOIS,Belgium,Goalkeeper,1992-05-11T00:00:00Z,91.0,199.0,65,0
290864,Toby ALDERWEIRELD,Belgium,Defender,1989-03-02T00:00:00Z,81.0,186.0,83,3
216880,Thomas VERMAELEN,Belgium,Defender,1985-11-14T00:00:00Z,80.0,183.0,69,1
216004,Vincent KOMPANY,Belgium,Defender,1986-04-10T00:00:00Z,85.0,190.0,82,4
290904,Jan VERTONGHEN,Belgium,Defender,1987-04-24T00:00:00Z,86.0,189.0,108,9
290821,Axel WITSEL,Belgium,Midfielder,1989-01-12T00:00:00Z,73.0,186.0,96,9
358120,Kevin DE BRUYNE,Belgium,Midfielder,1991-06-28T00:00:00Z,70.0,181.0,68,15
290902,Marouane FELLAINI,Belgium,Midfielder,1987-11-22T00:00:00Z,85.0,194.0,87,18
358112,Romelu LUKAKU,Belgium,Forward,1993-05-13T00:00:00Z,94.0,190.0,75,40
273996,Eden HAZARD,Belgium,Forward,1991-01-07T00:00:00Z,74.0,173.0,92,25
398653,Yannick CARRASCO,Belgium,Midfielder,1993-09-04T00:00:00Z,67.0,180.0,30,5
298738,Simon MIGNOLET,Belgium,Goalkeeper,1988-03-06T00:00:00Z,87.0,193.0,21,0
373315,Koen CASTEELS,Belgium,Goalkeeper,1992-06-25T00:00:00Z,86.0,197.0,0,0
358114,Dries MERTENS,Belgium,Forward,1987-05-06T00:00:00Z,61.0,169.0,75,15
358122,Thomas MEUNIER,Belgium,Defender,1991-09-12T00:00:00Z,88.0,190.0,30,6
378834,Thorgan HAZARD,Belgium,Midfielder,1993-03-29T00:00:00Z,70.0,174.0,13,1
401444,Youri TIELEMANS,Belgium,Midfielder,1997-05-07T00:00:00Z,72.0,176.0,13,0
379910,Adnan JANUZAJ,Belgium,Forward,1995-02-05T00:00:00Z,75.0,180.0,9,1
290825,Moussa DEMBELE,Belgium,Midfielder,1987-07-16T00:00:00Z,82.0,185.0,80,5
358118,Dedryck BOYATA,Belgium,Defender,1990-11-28T00:00:00Z,84.0,188.0,10,0
378835,Michy BATSHUAYI,Belgium,Forward,1993-10-02T00:00:00Z,78.0,185.0,19,8
358108,Nacer CHADLI,Belgium,Midfielder,1989-08-02T00:00:00Z,85.0,187.0,51,6
402015,Leander DENDONCKER,Belgium,Defender,1995-04-15T00:00:00Z,76.0,188.0,6,0
